Time [s],Channel A [V],Channel B [V]
0,0.007443,0
0.000390625,0.007443,-0.025
0.00078125,0.007443,0
0.001171875,0.007443,-0.025
0.0015625,0.004962,0
0.001953125,0.004962,0.025
0.00234375,0.004962,-0.025
0.002734375,0.007443,0.025
0.003125,0.007443,0
0.003515625,0.007443,0.025
0.00390625,0.004962,0
0.004296875,0.007443,-0.025
0.0046875,0.004962,-0.025
0.005078125,0.007443,0
0.00546875,0.007443,0